第二次来点了几个特色，味道挺好，特别是秘制猪脚，都很有特色，棒棒哒,1
除了味道还可以，真的没有任何优点，之前上的西瓜汁几乎是水果烂掉的味道，菜上的极其的慢，而且在我们之后点那个菜的人都上了给我们还没上，都已经吃饱了菜还都没上完，总之感觉服务员服务意识很差，有待改进吧！,0
店大欺客啊！点菜员還好，迎宾太差了，人没来齐还不让进，明明有很多空位。在天津找一家有服务水准的店真难啊,0
今天给两星是因为服务员服务的问题。点菜时服务员过来没拿点菜机，我问他记得住吗？他说记得住，点的快更好。结果点完菜过一会儿说忘了给下单，得重点，直接导致了锅包肉不能点了。再坚持要锅包肉的情况下，服务员说半个小时，问半个小时一定能有吗？服务员又回答有就给加上。点菜这两件事彻底让我觉得堵心。从他家差不多开业就来了好几次，和朋友和家人，一开始觉得还不错，可是后来服务越来越跟不上，服务员脸色好看的不多，中午吃饭给的水是有水锈味儿的，熏排骨上来是凉的。可能生意太好了，店大各方面就跟不上了吧。,0
上个月末我和朋友去大悦城5楼骑鹅公社的娜娜家吃饭，我们大概中午12点半到的，前面已经有两位排队的了，拿完号儿我们就在骑鹅公社逛了逛，回来时刚好到号儿。彩虹沙拉，不错??我喜欢。奶油蘑菇汤，每次必点。焗土豆泥，还不错。烟花妓女意面，微辣，我感觉一般。烤牛排罗勒调味饭，之前在乐宾店朋友点过，我尝了觉得不错，这次点了感觉就是吃多了会腻。西班牙海鲜焗饭，这个饭上的最慢，等了好久，不过味道还行，我就是闲剥虾麻烦。奶油罐子，这次感觉挺好吃的。总体来说还不错，就是都是甜的，吃多了会腻。,1
排队排了一个半小时，点餐没有菜单，需要微信关注一个公众号以后才能点餐，Wi-Fi也不怎么好用，图片根本就无法刷新出来。看来没带手机想吃饭都不容易，而且主菜只有两个。洗手间还在商场里，需要跑出去。整个过程下来感觉整个人都不好了……,0
服务太差，一个菜半小时上不来，最后服务员说弄错了，无语啊……,0
10月4日，我们3人去吃的，到家后都拉肚子，还恶心，以后不会再去了。,0
蛋糕好干，颗粒好粗，38元极度不值，第戎完爆，饮品真的只喝了几口，就全是冰了，我好渴好不好，难道只有主食好吃，不过它应该没有机会被我宠幸了，其他分店也被波及,0
如果能打负分的话一定给他打负分，可惜没有！跟朋友聚会去的这家自助、大周五的差不多8点应该也不是很晚吧，几个人进去后东西都没有什么了，服务员也不怎么给添新的！有的都凉了！这不说，最主要是卫生真太成问题了、本来就没有什么东西所以吃到也不是很多、但是吃完回去路上就开始胃口不舒服、朋友也是一样的症状！还有朋友拉肚子了！我和一个朋友是回家就吐了！幸好回家吃了胃药！真不敢想像怎么通过的卫生检疫！这种真的千万不要带老人小孩吃！太不让人放心了！而且最后的水果也没有吃到因为没有！固定的几种烤肉也没有给上齐全！很多都没给上、有的还是凉的！就上了点玉米、鸡肉、鸡翅、什么羊排、羊肉都没有、上的几种肉少的可怜都！还特别咸！东西都这么差劲了服务还差得要命！本来用餐时间就不长、然后服务员还老在旁边催！那么多人吃东西拿了虾什么的有的拨都壳什么的服务员也说剩菜、非要扣押金！这个也不说了、里面东西有的被人弄的乱七八糟也没人收拾！总之就是差差差差差死了！大家真的不要再去了！不然真不知道会吃出什么病来！,0
看了这么多的好评如潮，我都感觉自己去的跟你们去的并不是一个店了。我们是五个人中午过去吃的。我并不是真的想这个时间写点评。一直上吐下泻到现在。并且问了同去的一个人，跟我也是一样的症状。我感觉，大家自助需谨慎吧。,0
羊排很新鲜，口感很好，芝士焗薯泥也很好吃，很赞！,1
坐落的地点繁华，菜量大，味道好。,1
下次再也不想去了，人多，环境嘈杂，饭菜味道油腻且甜到齁儿,0
下班后一个人去吃顿晚餐，很久没有去过北李，犹豫再三决定进去吃，之前去还是恒隆开业的时候，那时候排队很火爆，菜品的质量也还好，但不知道为什么任何餐饮好像3.4年都是瓶颈，熏排骨上来的是凉的，要的是小份像是凑出来的一样，要了个专业下饭菜，好油，里面的肉也都是肥肥的，吃起来很腻，总之体验太差了，应该不会再去了，餐饮不能这么做，要做久，持之以恒的品质和服务真的很重要。,0
真想骂街，吃着半截菜里竟然出现了夜毛或X毛的东西，可真行点菜服务员一看晚了还说做不了了，建议孕妇慎来竟然吃出这种毛发来，还有服务员这态度你们老板知道吗？,0
味道一般，平时去都要等位，罐子价位小贵。,0
还是没吃上奶酪罐子-_-#继续努力-～,1
哎哎，怀着满满的心情给朋友过生，结果红酒不让喝，怎么都不能通融捏，做生意不会变通怎么赚钱捏，上菜又极极慢，平板点餐网速又极极慢呐，莫法再来了……,0
服务态度也很好??吃的东西也不错??种类多??就是水果不甜??但是我觉得比其他自助还要好??以前就在大连吃过??和大连装修味道差不多??冲这个味道还会去吃,1
??辉哥带你吃遍天津之～柒號馆??地址：哈尔滨道139号(滨江商厦后面?山东路与新华路?中间)交通：开车到门口基本不可能，可以选择恒隆停车走过去，很近的，地铁控，可以地铁3号线和平路地铁站下车往滨江道方向走环境：他家的装修很时尚，年轻人应该都会喜欢，尤其他家的防***规则很有趣??服务：他家太火了，基本11点半以后基本就拿不到号儿了，这点他家老板挺厚道的，不瞎放号，省得都白等??口味：说实话，我认为味道不出奇，菜品的颜值只有“馋鱼密虾”还可以，味道也是，就这个还可以，蜂芥口味，我很喜欢，希望下次回天津，他还是天津菜热搜第一，口味也可以提高综合评价：一家营销手段极佳的天津菜馆！我从深圳半年多回去一次，满心期盼的天津菜味道！有点儿让我失望！,1
味道可以，北方口味。??????????,1
熏排骨很好吃，味道很香，大爱奶香手撕饼，又酥又脆，北李碳烤肉也不错。,1
这顿娜娜是最差的一次…点了个新品叫“无花半夏”，本想尝尝鲜，没想到简直就是黑暗料理啊！千万不要点！草莓华夫饼上的奶油居多，原来不这样啊！剩下的也不多说了，反正这次的用餐体验给差评！,0
差评?发票去几次都说没有?我就不懂这样也可以开店？点了菜后主食先上来了，半小时就没有动静了，***我要两碗米饭吃饱完了？真的超级差！海底捞比你家人多，人服务员看都能忙过来，你家没那个金刚钻就别揽那些个瓷器活！！不会再去了,0
这是我吃过最贵最差的自助餐，感觉什么都是凉的，都是肉，太腻了，孩子3岁半，身高1.10，收了25元，孩子吃了一个棉花糖，一个冰激凌，一个蛋挞，其他的肉嚼不动，热菜都是凉的，西点更别提了，大人涨到73一位了，这一次管够了,0
口味重?，太咸了?，没什么特色，前台态度不好,0
真的不错哦，而且量也不小，两个人去的，点了一份牛腩饭，一个汤，一个土豆泥…因为是晚上，所以吃得正好…好评…,1
儿子生日去的，还算不错，价位口味可以,1
点了包菜茄子沙拉还有果仁鸡肉丁的那道菜叫什么忘记了，不是很满意，外地的游客来吃天津菜不要在这里尝喔，会造成对天津菜的误解??。这里好评率这么高大概是因为桌子上贴着好评可以减五元。地理位置也不是很好找，环境一般，价格倒是很便宜。整体都不太喜欢，不推荐。,0
环境比较嘈杂，有点儿像南京大排档，想说个话聊个天儿的就别来这里了，味道不错，梨汤特别浓稠感觉里面应该加了银耳！？干酪鱼好吃，非常好吃，像甜品布丁的感觉，牛肉饭也很不错，虾球也很不错，属于还想再去的店，但是要想姐妹聚聚就选择别家吧，确实环境有需要改善的空间，可能太忙了，服务员也不是很热情。,1
奶酪罐子简直太喜欢了，每次必点，服务员傻傻的都跟新来的似的，没几个明白的,1
菜名很有意思，环境不错，味道一般,1
真的不好吃?晚上到了?熏排没了?馋嘴蛙没了?要什么没什么?上的菜色真的很一般?味道不好就算了?安排位子排在风口?饭没吃完就要吐了这种点不会再去了,0
太好吃了，东西很新鲜，就是人多时服务不太好。,1
恒隆的这家菜真的很差劲，经典的大拉皮都很难吃，所有的菜都像忘了放盐，唯独江米藕竟然会是咸的，铁板茄夹不是热的，酱还很少，红豆牛奶甜的要死，很失望，没想到越做越差，就照了俩图就被菜的味道弄的没心情了,0
烤串没有特点，像烤肠味，其他味道还不错。服务员不错，服务应打高分。,1
当时比较仓促，就快快的点了，然后也没怎么吃，就走了，因为有事吗，也没有打包，记得当时点的都是服务员推荐的，但是当时由于是下午低峰期，那个什么妈妈排骨没有，好可惜啊，不过我还是很开心，这个是我的一个神奇的有好运的地方，以后还会来的，喜欢,1
"这次的菜品偏重口不说,而且点的意面在我们都吃完了后也不上~~催促后说正在做……然后又隔了好久才上的！?以后不会再去这家店了",0
环境太吵，菜品烤肉还可以，其余的自选菜品都很差，迟疑那些好评的顾客真实性……,0
东西就是那些，华夫饼超好吃的，其他的一般，无功无过的口味，排队排了很久。。,1
菜品真心一般！每次吃完嘴里都不舒服，可能是用了大油的原因，浓重的猪油味道把菜的味道完全的掩盖！口味很重的我都觉得咸！所有的汤喝烫菜都很难吃！很多菜都放大蒜！总体就是油大！味道咸！东北菜实在不好吃！,0
性价比非常高的一家自助，不会后悔，推荐羊排,1
上菜慢的都没话说了，还不是高峰时间！,0
每次路过人都很多，今天好像没什么人就去尝试一下，服务还是很好的，菜品和一般的自助餐没什么不同。性价比还可以。,1
不满意，排了2小时的对，上菜特慢，催泪了好几回，都打洋了菜还没上完，最后退了，没吃饱就气走了！下次再也不去了！！！,0
招牌小吊梨汤。没味儿，很粘稠，不多评价也许人家就是这样。脱骨鸡鸡肉柴的不行。给的蘸料咸的不行。小煎猪肝。买看出来这猪肝煎过。味道比较大。很一般。干酪鱼个人觉得不够甜??反正我看每桌基本都剩下一半。还有一个好像叫梨球果仁虾的菜。中规中矩不惊艳。最重点的来了。牛肉烩饭，我居然在里面发现一根头发！得亏我眼神好。黑乎乎的烩饭里面我给发现了。就这菜品的质量还这么多人排队我也是醉了。估计都是来拔草的吧。反正我是一次管够没有二次。,0
服务员服务特别好，点餐后发现手撕饼和菜全是甜的，服务员跑的飞快去协商更换菜单，但是换了个干锅土豆居然还是甜的，一顿饭吃到最后好腻好恶心，拉皮是甜的，鲈鱼是甜的，土豆是甜的，饼是甜的，鲜榨汁也放糖了,0
服务还是可以的，因为是周日去的所以人特别多，里面的环境实在是太乱了！味道真心就是一般，和比尔一样的经营模式，个人还是比较喜欢那种自己动手的感觉，至少想吃哪个不用等！,0
点了三个菜～半个小时一个菜也没上～等菜上来以后豆角真失望全是丝，太老了～锅包肉到是还可以但是有点脏都是黑色小物体～也就酸菜鱼还算可以～但因为没有空调太热就吃了两口～太失望了～,0
太热了，怪不得服务员都穿短袖。蛏子很不错,1
排队等了两个小时，外边有虾片和鸡蛋可以喝茶。进去之后里边环境太乱了，特别吵，菜的味道很一般，不知道为什么这么火。点了很多推荐菜，有一种煎豆腐还可以。小吊梨汤就像是秋梨膏，烤鸭在排队时需要提前预定，点了整只的，可是味道太差了，肉都是柴的，鸭皮还发苦，厨师片的鸦子片很厚，片的方式也不对，不会再去。,0
带妈妈老姨来尝尝，来的时候人不多！没一会儿就排队了，恒隆广场六楼。大概是因为实惠人才会那么多。味道就算一半，有点淡。锅包肉味道不错，稍微有点腻不能吃太多。拉皮麻酱需要都倒进去味道就够了。茄子盒味道还可以，就是有点淡。疙瘩汤真的是棒棒的!没怎么吃主食光喝他就够了。,1
味道，环境都挺好，而且周一中午去的还等位了，人挺多的，肉品很好，而且不会像别的烤肉一样想多要点也不愿意一次多给，就是重复上肉有点慢，其他菜品也是特别全，环境很干净明亮，甚至卫生间都很干净，总之不错，希望保持下去，当天又再团了下次用的卷,1
环境很乱，自选的菜品种类太少，不知道为什么还会这么多人,0
怎么那么难吃呢??还都说这个好吃??我怎么觉得那么难吃呢??又贵又难吃??外面还一堆人等???他得用手机点菜??点菜得点20分钟??等也得等半小时??要不外面一堆人等呢,0
每個菜都難吃，油多，鹹。服務員木訥！環境不錯。,0
好多人都是被5元返现才给5星的吧?这餐馆楼梯很窄不说?并且卫生间非常脏?那个招牌虾里面养的鱼好多鱼***?。卫生太差,0
人非常多，感觉忙不过来了，味道不错,1
菜太难吃了，油腻，真心不知道为什么这么多人排队，不挑食，但都忍不了，周围食客也都评价很低……哎,0
味道不错，环境优雅，服务态度非常好。正好朋友过生日，很人性化，免费送一份长寿面。,1
昨天和妈妈一起去的这家店?坐在吧台?消费297?给了300没有找钱?粗心大意的我今天才想起来?昨天61儿童节?我理解店家忙?但是我还真是头一次遇见这样的事情?原本挺喜欢这家店的?昨天是第三次去了?现在觉得?再也不会去了,0
那天去娜娜家吃饭朋友就爱吃她家的千层蛋糕不知道怎么回事千层蛋糕就一种抹茶的，以前我和朋友经常来最爱吃他家的千层现在我想问问商家为什么不做了以前有很多种口味的千层怎么现在没有了呢,0
周五晚上给朋友过生日?选的这里?北李也是来过很多次了?为什么给一星呢?就是大好的过生日的日子让叫号的服务员给气的?四点多去占座?先是不让我们进?让我们等着?说让我们人齐了再进?里面都是空桌。我说七个人?剩下的马上就来?人家叫号的服务员可神气了?反正去你们家吃饭的客人那么多?也不差我们这一桌是吧?非让我们坐六人桌?北李的服务在其他两家都没遇到过态度如此差的服务员?大过生日的净添堵心?就冲这个看门的这么恶心以后再也不去恒隆的吃,0
环境说得过去?三月份有点冷清。口味一般?剔牙鸡味道全是孜然。金钻十二国神坑！没有国旗他喵的就成了十二馍了呀！不认真?好评是用红包刷出来的,0
太太太失望了！茄汁茄夹上面放好多木鱼花，味道和章鱼小丸子一样！那我干嘛不吃小丸子啊！而且非常油腻，特别难吃！炒西兰花太咸啦！而且一点也不香，特别不专业，还不如家里做的。三色山药马马虎虎，三杯鸡和奶香手撕饼比较好吃。而且这家也不是很便宜，环境也很差！人多嘈杂，桌布上还有洞！这是三流餐厅吗！点的芒果奶昔甜的要死！根本没法喝！剩了一大半！真的真的是一次不愉快的消费！不知道为什么有这么多人等，被骗了的感觉！再也不回来了。,0
一般，不知道为什么那么火，不怎么好吃，人多，嘈杂,0
非常失望，前些天同事也去吃了，她也非常不推荐。这点儿东西200来块钱，而且味道非常一般，真是又贵又难吃啊……没想到排名这么靠前的店竟然这样，以后选餐厅都不太敢用大众点评了，水分太大了！,0
环境不错，菜一般。尤其是麻辣香锅，什么跟什么啊，也就4.个虾可以吃。剩下的是什么啊？还有韭菜盒子？那叫个难吃，真的。下次不会再去了,0
看起来还好，吃起来难受，也不合胃口,0
带着39周的孕妇来吃，大周二的中午没嘛人空着很多座位，服务员态度很强硬，硬就是不让坐在4人坐，非得带到两人的小桌，大肚子坐在着十分很不方便！！！,0
传说中点评人气第一名的小吊梨汤和小伙伴来拔草点了一壶梨汤?、讲真?平时在家不是很喜欢喝梨汤的我?这个梨汤的味道?我可以接受?、而且感觉蛮好喝的。一份豌豆黄、一份小豆凉糕豌豆黄真心不推荐?、不喜欢这个味道小豆凉糕味道还可以?、可以尝一尝、一份烤鸭?、味道一般吧?中规中矩的?、可以尝试最后牛肉烩饭?太咸了?不过倒是看得到牛肉?总体来说吧?感觉一开始的期待值太高了?所以略感失望?两个甜品和梨汤上来好久才上的菜和饭?上菜太慢了。最后推荐门口的等位时的鸡蛋?、味道还可以?！,1
很合胃口，服务各方面都不错，????,0
环境很好?菜品也很合口味?下次再来^_^,1
人比较多，菜品更新，比较慢，一到五啤酒免费，六日应该也免费，别的烤肉店酒类都免费，希望改进,0
菜品就一般，但是挺新鲜的，老板很好，服务也好,0
口味很好，也有创意和特色，下次还来,1
环境不错，三文鱼排有些量大，烤的味道都不错，就是味道轻，饮品好喝，甜品不好吃，一点都不甜，意面很不错，酱香浓郁，环境很赞稍有些嘈杂，需要排队很久才能等到位置，所以没有经常来，大悦城这边的店很值得来等一次的,1
人好多，等待的时间太长了，就等吃西红柿鸡蛋了,1
没人来给点菜。切完火龙果的刀一定切过大蒜。最重要的是上菜非常非常的慢。等了一个小时。比我们后来的都上了。,0
还算比较好找的。一个小门口。不过内部装饰的还不错了。有那么一些小调调的。菜品吗有些创意。还不错,1
带着家人去的，种类全，食材新鲜味道好，希望一直坚持好品质,1
和刚开业的时候，味道简直差太多了，没有留恋了，没有再来的欲望了，,1
排队排的我都不饿了，要不是因为味道还不错，我一定会疯,1
点了五个菜～没一个好吃的！总体来说就是口重！咸！腻！油大！梨水味道不错、很浓～应该是放了蜂蜜！服务很好～算是天津服务培训的不错的餐厅了、只是北京菜真的吃不来～应该不会再去了????,0
第一次给你家差评，记住了，第一次也是最后一次，以后都不会再去了，商家欺骗人，6.15号公告说从6.14号开始不给晚餐团购验证了，说要每人加10元钱，可以给网站打电话协商，不给10元钱就是验证不了，相信大家都懂了，呵呵,0
提醒大家一下，拉皮超大份，人少的话慎点。还有三杯鸡都是翅没什么肉。服务不满意，拉低了整体分数，应该不会再来了,0
恒隆这家北李刚开业时候来吃过，味道不错，今天又来吃了，真心不怎么样，味道变了，还特别咸，真心受不了，老公在大连吃过北李妈妈，觉得超级好吃，他今天第一次在天津吃说跟大连差距太大了…咸的受不了…估计以后不会再去了,1
味道太好了，种类多建议大家多去,1
2015.9.25小伙伴过生日，搜到了这家店评价看起来都不错呀环境：门面不大，楼梯很窄，年纪大的腿脚不便的可以不用考虑了，我们是七个人，在二楼吃的，二楼地方也不大但是能感觉到店家用饰品和灯光用心的装饰过了，问题是卫生一般，有点脏脏的食品分量：我们两个人点了4个菜，一开始以为还不够吃，评价说菜量很足，但是其实我们七个人去点的九个菜才吃差不多，份量不是太足，不过因为是晚上打算少吃点的我们没点多少米饭服务：菜单名字挺好玩的?????????每桌每人送一杯酸奶口味：剔牙鸡，嫩，有点黑椒味?????????大咖花椰菜，都很推荐，其实一般，也就是家常菜的味道呢。。。?????????牙签肉，肉质鲜嫩?????????醋溜木须，鲜嫩爽口，有一点油腻?????????馋鱼密虾，本名应该叫做芥香虾球，还添加了香蕉和火龙果，这次做的也有那么一点点腻，量不大不小，芥末味不是很浓，推荐不是很能吃芥末的点，太能吃芥末的不会满意的，盛在一个透明小碗里，用一个有小鱼游来游去的瓶子顶着端上来的，对了，还有点水草??????????鱼外套，好吧，鱼皮，一般般吧，凉菜种类不是很多??????????来自星星的翅，鸡翅很好，但是诚意不足，因为另一个托盘里边的小吃淀粉感太浓了，中间的酱料还是很好吃的??????????宫保鸡丁，鸡肉吃的有点多，这一道菜上来的时候已经吃不出什么了呢??????????素炒蘑菇，记不清菜名了，推荐附加服务：有wifi，有纸巾，有卫生条件不太好的卫生间综合：总体来说还是不会主动去第二次的。。。,0
不得不说名过其实了。菜的口味真心一般，而且推荐的金牌蛏子根本不新鲜。环境还不错。排队吃可是不值得。,0
非常垃圾的地！！！晚上吃完半夜就上吐下泻?去医院碰见了两位同样也是一样的症状?肠炎?需要输三天液??吃的不新鲜?谁去谁上当?准备好了去医院在去,0
菜品还行，哪里的服务真垃圾，服务员经理，以后我在也不想去哪地方了,0
一如既往的好！带同事去的，同事是第一次吃的，说下次还会光顾的！真心不错，食材新鲜，品种丰富！,1
几年前看电视中介绍，就对这家店颇有兴趣，奈何风荷园那几家店实在是不顺路，所以一直没去，终于等到大悦城开业，错过高峰期，果断去拔草。提前做了功课，知道没有纸质菜单，要用淘点点点餐，于是事先选好，其实还算简单，打开手机淘宝，进入淘点点，搜索餐厅娜娜家，找到后进入娜娜家，点击点菜，就可以看到菜单了，把你选中的菜添加进菜单就可以了，然后拿着手机到前台给服务员看（PS：菜单里没有奶酪罐子，可以告诉服务员添加），他会告诉你付多少钱，付款就OK了。号称“科技让生活更便捷”，不过对于不熟悉的人来说的确是会比较困惑的。言归正传，周一全天没有正餐，只能点甜点、饮料、小食类，提前做好的上菜挺快，抹茶红豆冰乐很大一杯，味道有些淡，巧克力奶油千层蛋糕比较硬，不过很好吃，巧克力的味道浓郁，好评如潮的奶酪罐子不错，但并没有想象中惊艳。另外需要加工下的就慢些了，彩虹沙拉挺好，酱料调制得恰到好处，口感层次丰富，私家焗薯泥有拉丝，不难吃，缺点是有土豆小块，不够细腻，巧克力奶油冰淇淋华夫最后上来，基本上吃不下了，打包带走，意外惊喜的是第二天凉着吃味道很赞哦。据说大悦城店比其他店要贵，两人消费227，性价比不高。服务员有些少，但也都算彬彬有礼，是个很小资的餐厅。,1
吃完拉肚子?去医院检查是肠炎?他家的虾还是什么的有不干净的东西,0
不明白娜娜家为啥这么火。菜品味道真心一般。但菜品和价格不成正比。不值得排队。价钱也不值。不会再去了。,0
点了八珍豆腐，第一次见用日本豆腐做的，而且豆腐没炸过，没有脆皮！你写着天津味道就应该按照天津菜的做法做吧，八珍豆腐我吃了这么多年都是盒豆腐，过油炸有脆皮的。不知道你哪里找的厨师，这样做？会做吗？,0
周日本来跟小伙伴们订的去奥城吃饭，由于本以为只是限行，没想到是全部堵死，只能冒着大雨转战大悦城，之前朋友推荐这家不错，果断前来拔草，差不多5点半到的，找了半天才找到这家店，已经快要6点了，中桌前面要等22个号，不过有没等的，还是挺快就到好了，等号时提前预定的烤鸭，门口有做煮鸡蛋的，服务员用勺子剥开的鸡蛋皮很卫生，切开后加入酱料非常好吃，小吊梨汤一壶不怎么好喝，估计大锅反复煮的，红酒雪梨特别好吃，又脆又甜，酒味十足，辣拌牛板筋不知道是不是切的太薄了，有点吃豆皮的感觉，葱味比较大，素烧鸡，貌似里面是蘑菇，蘸过酱料，还不错，自制豆腐，好像是日本豆腐做的，不喜欢，梨球果仁虾，虾炸的特别透，底下垫的梨球，量不大，非常非常好吃，北京口味的宫保鸡丁，花椒味略大，酥羊肉78一份，配小料，贵还不好，肉基本没瘦的，还膻气，不推荐，烤鸭半分非常好吃，鸭汤也很好喝，一人一碗，也就没了，芝麻酱糖饼中规中矩，老北京凉糕锦盒样子漂亮，都是粘食,1
还真的是妈妈菜，带着爸妈来吃，老妈都说让她想起了姥姥做的菜！点了香熏骨，味道有点烟熏的口感，但是肉不硬，吃着挺香的，值得推荐；小炒辣鸡胗，对于南方人来说，能在北方吃上这个真是罕见之至，而且辣辣的口感很正宗，就是淀粉感觉放的有点多；金牌蛏子，这个我感觉没有推荐的那么好，口味一般，而且有点咸，海鲜的鲜味一点都出不来；茄夹上面盖满了鱿鱼丝，口味也一般，里面夹的肉口感一般，茄子要是能炸的酥酥的会更加好吃；奶香手撕饼，奶油味真的太重了，我不是很喜欢，但是老妈很喜欢吃；最后点了一碗疙瘩汤，额，竟然是我最喜欢喝的，建议大家别全部都点肉菜，吃多了太腻了，反而吃了疙瘩汤之后超级舒服。总之，这次吃的比较开心，饭菜的口感相对来说很不错,1
非常满意的一次团购，菜品不错，自助餐里算不错的了，还是团购合适,1
迎宾女的服务态度超恶劣，不讲道理，前后说话不一样了三个小时，预约七个人，最后六个人，因为人不齐不让进，还让交七个人的押金，七人到齐后，又说刚才是因为不交钱才不让进！请问人都没进去，凭什么提前交钱？！！！！,0
去的前两次都不错?这次推荐朋友来吃?没想到好多菜都太咸了?是为了多卖米饭么,0
过年和闺蜜聚餐，选来选去选择的北李妈妈菜馆，人比较多，幸亏早去订座，不然会很长时间才吃上，菜口味还可以，蛏子好吃！妈妈拉皮不错，熏排骨没吃几口，最后打包了，闺蜜订了第戎蛋糕庆祝了我们相识20年纪念，很珍惜我们在一起的这些年！！！,1
因为口味的原因吧，个人不太喜欢，太甜太闹了,0
环境不错，按点评点的那几个热门菜，味道都真心一般，都很普通，没有传的那么好吃！可能去吃抱的希望太大了哈！,0
菜品味道不错，种类也不少，满意,1
大悦城的“娜娜”太火了，排了一个多小时终于进来了。里面漆黑一片，内设杂乱无章。点餐需要手机下载APP，相比较其他分店，大悦城这家我不是很喜欢。焗土豆泥还是很赞的，点了一杯小杯小丸子苏打，太难喝了。,0
一般般？油腻腻的。不过服务态度很好。环境不错！,0
太差了，还那么多人，毫无性价比，只是服务很好，再也不去了。,0
恒隆这个店总体还是不错的??点菜的服务员很有耐心??就是门口那位接待??您那高傲劲儿?估计以为自己是明星大腕儿了??环境也好??菜品小贵?但是好吃?很喜欢?香菠樱桃肉?酸酸甜甜?我特别喜欢??还有筋头巴脑很赞??大拉皮麻将给的很多??熏排骨跟烧鸡一个味儿??都很好吃！,1
天津比较好的商场了，可是这个店为什么那么多等位的，等了一个小时。,1
口味两星是给食材的，环境拥挤得很。服务，基本没有。就没见过上菜这么龟速的餐厅，两个小时上四个菜？！味道就不说了，没特色，自己在家做的都比这个好。你家就一个厨师一个灶台吧？做菜这么慢还不好吃。那些说好吃的，你们是水军么？跑天津来三个小时吃这么家菜馆真是很失望。,0
以后不会再去了，食物很一般，环境不好，太乱了，吃西餐会是这样的环境也真的是够了，上菜的速度也很慢，也不知道是哪位把这家店吹的怎么怎么好，差评！,0
不错~味道，服务都不错，也比较实惠~人多的时候得排队~,1
又是一家“一条大队排起来”的店，去的早了点儿，直接进去的，但十几分钟后门外就开始等位了。菜品实在一般，不知道等位的同志们有多少是回头客。主打的熏排骨可说寡淡，较之一些中小门面的口味尚有差距。蛏子烤得太老，拉皮只是量大，烤茄子口味过于单一厚重，手撕饼明显奶精放多了。芒果汁尚可，是真芒果现榨的。环境一般吧，位子不少，等位的话时间应该也不会太长。服务员也还可以，不过得自己到吧台结账这点不好，还得排半天，生意再好也不应该这样。吃饱可以，排队？算了。,0
超级差?上菜先上主食?毛血旺等了41分钟才上来?上菜速度超级差,0
第一次去，还是需要排队等位的。恒隆里为数不多需要排队的。味道不错，量很大，两个人吃不完。,1
还是不错的，去了几次了，有团购时性价比合适,1
这菜还能吃嘛，一个大拉皮都拌不动都粘成一团了。这是放了几个星期了啊这么多人排队吃饭！熏排骨对象说有点油腻，我觉得还凑合勉强算你过关！可是那个干煸四季豆那筋都不去干净你们是干买卖的嘛？要不是我也是干餐饮的这桌子菜真心没法结账啊！我错了以后不会推荐别人自己也不会再进去吃了！就这还排队！还好评你们都是亲友团吧！！！,0
这次带爸妈孩子来的?孩子很喜欢零食多?12点不到就来了?人依旧那么多,1
服务员简直差到家了！！！服务员点菜连头也不抬，问个问题就像多说一句话会怎么样，再问就不耐烦的要死…还理所当然的样子，呵呵了，真不知道怎么来的好评！再也不会来了。第一次给东北馆子写点评，无论是大街上的烤冷面还是脏的不要命的黑作坊，都还没有遇到过这种无法沟通的人，简直花钱买罪受，光顾的客人请看一下前面叫号的点餐的服务员，简直不好意思叫“服务员”，我给你们服务得了。服务配不上你家的任何一道菜，浪费了。,0
大悦城这家很一般，除了奶酪罐子和彩虹沙拉还不错！价格的一半都是智商税！,0
失望，不好吃，水煮鱼算是几个菜里面还可以的，鱼比较嫩，但是量太少了，铁板太咸了，豆角一般般?，西芹百合腰果里面居然没放腰果就上来了，找来服务员说是忘了放了，端走后半分钟就端回来了，撒了点腰果，无语,0
环境和服务都挺好，就是菜品啊，实在太难吃了，唉，东北菜怎么能这么让你们糟蹋啊。,0
真是被大众点评忽悠来的?菜品超级油腻?翡翠丝带着冰的凉菜?口味差?服务冷淡?再也不去了,0
点菜有点复杂，不过应该变成这样，焗饭其实觉得一般，没有传说中那么好吃，饮料也一般，冰多样子好看，适合闺蜜下午茶，叉烧好少味道，还可以，但是有一股奇怪的味道，其实个人觉得只是传说中很好吃,1
等了好久，感觉其实就是炒起来的有名，味道真心一般，干酪鱼和京爆桃仁味道不错，推荐，但是但是，这个炖牛肉烩饭，什么鬼，打卤泡饭？还有招牌菜小吊梨汤，没有味道，我还不如自己回家熬。,0
上菜速度很快?不过味道一般般?排队的人还是很多?提前预定的位置,0
菜品?味道?不错。种类也很多。就餐环境也不错。,1
带妈妈去的，对小吊梨汤种草很久了，但是这次吃完很失望??小吊梨汤?挺好喝的小煎猪肝?还算不错吧，但是上的太晚了，猪肝挺嫩的，值得推荐芝麻糖饼?也不错，不是很甜，味道还不错干酪鱼?奶味不错芸豆糕?太小了，太小了，真的太小了，重要的事说三遍脱骨鸡?真的很难吃??茄子烧扇贝?貌似叫这个名字，特别难吃，包着茄子的面糊很硬，茄子和没熟一样梨球果仁虾?还可以吧，梨球挺好吃总之不是很好，我估计现在人多是因为凑热闹，应该没有回头客??,0
超级实惠?菜量好大?招牌的那个排骨真的完全不像猪像熏烧鸡,1
周一去的人不是很多，大概等了不到半小时就到了，点的基本上是推荐菜，先说一下梨汤喝起来很浓稠感觉放了淀粉是吗，素烧鹅是蘸醋吃的，第一口蘸多了有些酸，这道菜口味略咸，干酪鱼口感上就是和布丁一样个人挺喜欢的很q很凉森，梨球果仁虾，虾不是很酥虾皮有一些绵了，梨球应该是煮梨水里面的梨切成丁裹上了面糊炸的整个菜是酸甜口感，肉龙肉很多吃完很顶饱哈哈哈哈,1
味道好的没话说～但貌似女孩子喜欢男孩子不感冒?哈哈,1
大拉皮超好吃??，奶香饼宝宝很爱吃?适合儿童口味,1
精品东北菜为主，加上少量川菜，可以算大众口味了，就是排骨上的是凉的有些小遗憾,1
这种自助餐不知道是怎么管理的？七点多就开始说八点多就不让吃就收拾了，那意思就是不让你吃了呗？收***b？营业时间到九点十分，你要是营业到八点你就把点评营业时间改了，排***一小时号，服务员态度特别差，真是给你脸了，吓唬你一下立马闭嘴，还不能刷卡，不能微信支付宝，谁第一次来知道？一副爱吃吃不吃滚蛋的态度，你跟谁呢？进去吃的还凑活，饮料八点半就开始收拾了，就看烤肉凑活给你个2星，服务态度是我见过最差的地方！,0
我这人不是太追求性价比?总认为贵有贵的道理?便宜又便宜的问题?所以只贵不贪便宜?可是娜娜家可是让我觉得又贵又难吃?就是为了那个环境吗？那个烤焗饭?上面的芝士?我还怕腻呢！结果一点芝士味都没有?厚厚一层咬着和胶皮似的。沙拉彩虹的?真是没有什么新意?和特色。最重要的是那个煎饼?那个皮简直难吃的要死?还不如我自己煎的鸡蛋饼呢?还有里面的奶油植物的奶油??都不带自己遮遮味的?真是越来越差了！真不如我下午吃的可丽饼呢！简直没法比,0
挺好找，味道也还行，菜品也挺丰富的，可以一试,1
【小吊梨湯】本身如果是拿雪梨、蜂蜜、銀耳熬制不會這麼粘稠，不知道放了什麼只是看起來很滋潤但其實怎麼樣我保留意見。【柴雞蛋小白菜】一般，雞蛋炒得比較嫩。【鯪魚小黃瓜】小黃瓜很咸，鯪魚就更咸。又不入味又咸。【烤鴨】這是老北京菜里的重頭戲。前面吃的不滿意總以為烤鴨會好一些。烤鴨上桌就很驚訝，半只的量只有一小盤，我在全聚德吃烤鴨半只也有兩盤肉的。再說菜品，完全糟糕，瘦肉很柴、皮就又油又膩。看起來擺盤不錯但只是學到了烤鴨皮毛完全不的精髓。最讓我生氣的是，這麼貴的鴨子，沒有果木味沒有木炭味，居然鴨子是速凍的鴨子拿來烤的！完全是詐騙啊！這鴨子不要說拿來和全聚德、正陽春比，就是北京爛大街的便宜坊也比不了，還比便宜坊貴！【鴨湯】是誰教給廚師鴨湯里可以放白菜豆腐粉絲的？這是大雜燴嗎？鴨湯鮮煮灌奶，端上桌要客人自己放鹽、味精和胡椒粉才好！【肉龍】這個是可以的，不錯。【環境】特別嘈雜，完全不能讓人好好吃飯。北京老衚衕飯館也亂但是是煙火氣重但一點不嘈雜。本店按來北京店風格裝修但卻放著津韻大鼓完全不倫不類。【服務】服務蠻好的，上菜快，餐巾紙和碟筷不是現代的一次性收費用具。【價錢】性價比極低。不會再去也不推薦朋友去。再次驗證「大悅城裡的店沒幾家不圈錢」。簡直黑店。,0
环境有点嘈杂，沙发很舒服，但是不太习惯坐在沙发上吃，电子点菜也是第一次，没有吃到奶酪罐头，很遗憾很遗憾。,1
去恒隆广场必去的一家店，环境好！,1
用餐得感觉都挺好的，就是第二天回来两个人都拉肚子了。我也是服了，耽误了我大半天的工作，以后不想去了，花钱还受罪。,0
去吃过两次，印象很好。每天都要排队，火得不得了。招牌菜都是必点，妈妈大拉皮简直是美味！！！上次聚餐一份没吃够又要了一份。奶香手撕饼也是非常好吃的存在。菜量非常大，两个人点三个菜吃不了。我老公东北人，爱吃锅包肉，但是点了之后有点失望，锅包肉其实并没有其他家好吃……这点我也同意。好吃的锅包肉绝对是桌子上最先消灭掉的菜。但是不好吃的锅包肉一定会留到大家都走了也没人动。?总之这家店很不错，聚餐时候点了很多菜，基本上没有什么雷区。有机会还会再来，希望不要再等那么长时间了。,1
不好吃！在恒隆刚开业的时候去的，当时看排号的人挺多，以为不错，所以凑热闹去吃的，结果非常失望。按照推荐菜点的，熏排骨，手抓饼，辣炒蛏子，每一道都不喜欢。,0
这里的没事现在是恒隆里最火的，经常排不上队，人多了服务员忙不过来，人多地儿小显得嘈杂了。菜品属东北风味但精细，价格没东北实在。,1
很实惠，团购也很便宜，人太多了,1
菜越来越不好吃，锅包肉太腻，蛏子太小。服务还算可以。,1
喜欢他家的蛏子和手抓饼，不过大拉皮有点酸，不大和口味，晚上八点多去的，等了一会位子，总体感觉菜味道还不错，下次再去尝试一下～,1
本来到恒隆广场是去鼎泰丰用餐的，正好路过人气很旺的北李，于是被吸引过来。【妈妈熏排骨】或许是节日里用餐人多，备货不足，熏排骨快成了熏腔骨，并且感觉有股添加剂的味道。【妈妈大拉皮】酱汁不错黄瓜也多，就是主角拉皮像胶皮，口感不爽。【肉皮豆角】想法不错，比例不好，油腻无比，如果稍加改良，会是一道不错的下饭菜。【环境与服务】不错，比起其他天津服务员强很多。,0
环境超浪漫，菜品也很美味，而且精致,1
工作日去的，五点排队等了一会就排到了，不知道那天怎么了，空调不怎么凉，一边吃饭一边流汗！还有作为一个孕妇，那的椅子实在不太舒服。菜品口味嘛，不是自己特别喜欢的，只是找个地跟朋友聚聚，可是作为西餐厅环境还是有点吵！,1
很差劲的服务，门口叫号的服务生素质太低,0
门口迎宾太牛逼了，嘴里撅着泡泡糖。爱谁谁啊！进屋半天没菜单,0
星期一人依旧是那么多，五点刚过就到了，基本上坐满了。菜品种类不少，这次赶上了青口贝挺好的。烤肉味道还不错，我还是比较喜欢他家的凉菜。水果比较新鲜都是现切的。菜品更新的也比较快，排队每人能领两只烤生蚝。在这个价位的自助餐里面我觉得做的还是比较不错的。每天的人挺多的，不会有食物积压，都会很新鲜。唯一不足就是商场里的饭店都是抽烟的，如果商家能看到点评请管理一下。如果下次去再有吸烟的果断拨打消防局?。,1
成为点评用户五年来第一次给一颗星，原因在于工作人员不诚实。以往就算环境再差，菜品再不合口味，我至少也会给两颗星。但是这家店真的很过分。本打算逛逛骑鹅公社再吃午饭，但路过店门口时发现店里座位已不多，担心会排座，看了手机时间是11：17，想想也到了饭点，于是决定先吃饭。第一次来，就按照点评推荐点了奶酪罐子，彩虹沙拉和烟花意面.下单后好半天单子还没给我们。问服务员，服务员说单已经下了，只是打单子的机器坏了。于是我们继续等，等到比我们晚到的客人都开始吃上彩虹沙拉了，我们不仅没有单子，而且没有上菜。再次问服务员，服务员表示“我帮您问问”，然后一去不复返。我们点的都是招牌菜，很多客人都点，可为什么比我们晚到的人都陆续上了同样的菜，我们却什么也没有？最终单子上了，印着“开始时间11：57，结束时间11：58”，我可以理解为11：57才给我们下单吗？忘了下单，或者是下单程序有错误，没关系，实话实说，我们能够理解，但是这样骗我们有意思吗？浪费我们的时间。最后说说其他的吧。环境不错，但是座位安排有问题，一个人坐靠窗的四人位（并非等人），而两个人只能坐吧台。菜品无功无过。烟花意面没有任何亮点，奶酪罐子初尝不错，吃几口也就无感了。彩虹沙拉色彩鲜艳，内容丰富，味道也不错，但是奶酪不新鲜。服务员都面带微笑，态度很好，但是你们的敷衍和不诚实只能让我给差评。不知道其他分店怎样，但至少这一家我不会再来了。,0
铁板茄荚味道不错，金牌蛏子巨好吃，酸汤肥牛味道不错，爱吃辣的真是美味,1
我不明白为什么，是不是有人炒作，我四月十八号评价的鸡肉焗饭，让店主给删了，不好吃就是不好吃，每个人口味不一样，为什么还要心虚的删了呢，,0
实物与图片严重不服，菜单都标着克数，这肉是500克??都不怎么好吃,0
整体一般，不过好多人都推荐！炒作吧！蛏子做的很好！不过吃过两次，味道不同,0
很有特色?菜比较精致?有点小贵?代金券可以打个九折?总体感觉不错,1
味道还可以，不过饭量小的不合适。,1
油太多太腻！没有想象中好吃。不知为何门口竞全是人排队。,0
不好次，吃的腻，总体太甜了，吃不惯,0
味道不错?菜品略甜口?梨汤很好喝??服务态度也很好?很满意,1
第一，奶酪罐子，如果特别喜欢甜腻的朋友可以考虑的。我真的是太难承受。第二，柠檬鸡，这几块，拍的好像很大，实在太小，太可怜了。就是照烧鸡抹点烤肉酱，柠檬的味道偏差。第三，草莓华夫，价格贵点。味道不错，建议点第四，秘制猪蹄，比较烂，但是好甜，搞不清楚中餐西餐，没有筷子，用叉子一下就碎了，估计就半个猪蹄，不合适。第五，铁板芝士鸡肉双拼，虽说双人份，但是好咸，味道好差。千万别点，如果真忍不住想吃，一定要白米饭。第六，松子面，太少了，一股蔬菜汁的味道，不过松子很好吃，全是今天最完美的一个主食了。,0
人多就显得有些乱了，味道还好，偏甜一些,1
每次去恒隆都想去北李，不过看到人排到老远就默默走了。终于提前拿到号能吃到了，感觉味道还不错，就是感觉那个奶油饼有点油油的，其他的菜都挺硬客。,1
全是帅哥服务员的一家店。服务很好。魔鬼奶茶瓶子很好看。菜挺下饭的。就是那个肉菜点的有点多。两人没吃完～值得推荐的天津菜,1
环境跟食物摆盘都很好，但是味道就不尽如人意了～最喜欢烟花～奶油蘑菇也很不错～但是焗土豆是闹怎样，一坨不说还没什么味道～双倍奶酪焗饭奶酪是不少，但是没什么咸淡味啊，最后要了番茄酱就着吃的～希望以后有改进吧,0
跟小伙伴一起来吃的，排队的人很多，等了半个小时才排到。上菜的速度挺快的，熏排骨挺好吃的，就是别的菜都一般般了，偏咸，菜量是挺大的，但是菜不是我喜欢吃的类型。然后吃到最后小鸡炖蘑菇里面吃出来头发，服务员给我们把这道菜给退了。总体感觉挺不好的，听别人说多么多么好吃，然后自己一吃就走了落差，更证明了一句话：菜光看外表还是没有用得,0
和老公两个人去吃的，主要是点菜的时候快九点了，要闭餐了，点什么推荐菜没什么，最后老公和我说要理解人家，客流量大，去的又晚，好吧，我忍了，好在上来的菜味道还可以，樱桃肉那个妈妈排骨还行。只不过服务太差了，我只能说，你家服务员都是请来干嘛的，摆设么！,0
口味不错，但就是有点咸，中间还出了点小插曲,1
每次吃东北菜都会被菜量经验到?这次是跟着天津的朋友一起吃的?没有想象的好吃?就是量大量大量大,1
非常好吃，环境不错，东西很多。和同事去的，喜欢吃肉的非常好,1
熏排骨不能再难吃！好苦好苦！不知道是怎么被顶上第一名的！,0
环境好，选择性强，重要的是孩子喜欢。,1
慕名而来，却是最差的一次消费体验。昨天下午四人去就餐，有两个人上吐下泄，整整折腾一个晚上，是否和就餐有关系呢，我们也仔细客观分析了情况，另外两人为什么没有问题，偏就我们两个人有问题呢，经询问另外两人都没吃海鲜，我俩都吃了海鲜，都上吐下泄。于是一早给店长打电话沟通，店长的答复是让我去医院检查，拿证明来，如是她的责任，店里负责。故信以为真，去医院化验大便。结果如下图。化验单明确显示有4-5个脓球，有潜血，大夫的解释是和食物有关系。于是我拿着化验单去找店长，等了半天，店长终于露面了，连化验单看都不看一眼，让我取证，证明我是吃她家的饭才拉肚子。我问她你家自助餐，客人吃饭后，是否允许带一些样本回去呢？以便化验菜品是否正常，答复是：不可以。那问题来了，做为一个普通消费者，如何才能取证，拿到样本呢？!店长还蛮不讲理说我们是个案，不能说明她家菜有问题，说只有我一个人打过电话，请大家看截图吧是只有我们两个人吗?有人吃药，有人输液。这怎么解释呢？,0
非常不满意的一次和同学四个人一起去的三个人都吃完等半天还差一份没有上，服务员的态度也很不好，很失望,0
不太满意，肉不嫩而且太老了。热汤不热。,0
环境不错，服务不错，梨汤很稠味道不错,1
首先要说他们家味道做的是太不合格了，不知道是不是因为情人节赶工。海鲜饭为了突出它是海鲜饭弄的是要多腥有多腥，甜品的奶油为了突出它是奶油弄的要多闹有多闹，吃完全拽心上了，糊死了。甜品都吃完了主食也上不来，吃奶油全都吃饱了，一顿吃下来一点不舒服，价格对不起味道啊，对不起上菜质量啊。以后不敢来了，失望至极！！！！！,0
慕名而来排队半小时，菜的口味真的很一般,0
一般吧，没有三楼的火焰鸟牛排好吃。,0
跟妈妈带着宝宝上大悦城玩，经朋友推荐了娜娜家很不错就来试试，我们10点半就到这了，要了早茶为了等中餐，咖啡的甜度不大，很正宗，宝宝最喜欢的草莓华夫和意大利面，妈妈也很喜欢吃，样式还是挺全的，下回我要和妹妹一起来个下午茶,1
中午来这里吃饭，人很多。饭菜味道很可口。下次还来,1
饭菜不怎么样。没什么味道，不喜欢。不会去第二次了。,0
梨汤好粘稠?怀疑放了什么东西?鸭子可以?最起码没臭味?鸭汤里鸭子那股味有些浓了?不喜欢?鲜橙烤鱼还是什么的?有些辣口?还不错?炒猪肝和排骨可以吃?素鹅平平?肉龙一般了?人太多,1
娜娜家味道一直不错，但是就是人太多了每次都要等好久，但是因为好吃等会也是值得的,1
茄子不错，凉起量很大，两个人三个菜，剩了好多,1
太好吃了，希望大家都来尝尝鲜……………………,1
这家店的服务今天让我很失望，首先服务员点餐的时候点错了，我们点了一个茄子，他写成了五个，告诉他之后，他把单子拿走了，但是结账的时候却依然用错的账单让我们结账，我们提出了问题，他才改过来。,0
第一，人是非常多的，中午一点到的，一点四十有的座位第二，口味是相当的重，也许是因为东北菜的关系，点的茄盒完全可以当咸菜吃第三，环境还是不错的第四，锅包肉，排骨等招牌菜去晚了都没有，点菜时还有，等下单了菜就售完了第五，服务员太少，叫个服务员也得排队等，等把服务员召唤过来了，菜就就卖没了,0
服务员牛死啊，刷卡不行，转账不行，单间加价才能使用，少于11个人不行，人没算清楚多少个多交费不退，老板你都知道吗？,0
超级不好吃，还挺***贵，感觉头一次吃饭这么累,0
超级差，特别差。特别恶心！迎宾服务员态度超级差，而且必须现金结账，就没听说过现在必须现金的。,0
162的团购套餐里一共三个热菜，结果三个都是鸡丁！有这样做团购、做生意的吗？,0
服务倒是很好，但是针对是太难吃了，性价比太低了，不会再来了,0
去过两次，次次说人已经定满了，我大众点评定的座，系统给我回了确认订座短信，可到那后老板直接告诉我大众的我们一般都是拒绝的，我就纳闷了，你拒绝大众的订单还确认什么呢？你还在大众上开订座功能搞毛？再也不去了，垃圾馆。弄个孜然羊肉，炸薯条，鱼香肉丝改个名字就开卖，骗谁呢,0
昨天七夕。不是第一次来娜娜家了。因为赶时间去看电影也没多要什么。双倍奶酪鸡肉焗饭。嗯。。鸡肉有皮吃起来有些腥腻。彩虹沙拉很善良。味道也不错。不吃猪肉服务生小哥哥直接给换成鸡肉了超级棒。推荐烟花妓女意大利面。如果不吃辣椒的就放弃吧,1
菜品没有特色，味道一般服务很差，有发票不给开，使用无限拖延术剩余菜量而受罚的审核标准因人而异，看人下菜碟，让我们很愤怒。总之，再也不会去了。,0
娜娜家店大欺客啊，服务态度不好，找店长解决问题，态度就是爱吃不吃，不吃就走，,0
服务很好，菜品也有新意，团购很合算,1
这都等了一个多小时了还没吃到嘴了，人是真不少。,1
?美国?什么?鸡肉?沙拉?挺好吃的?…?猪蹄?每次必点?…,1
差评！我们几个同事在这里过了两次生日，上次主动要求才送了一份长寿面，这次连长寿面也没有了。我们去别的饭店过生日的时候都会有播放生日快乐歌。其实不给祝福也无所谓啦，我们点了鱼头王，问服务员这是什么鱼，服务员说是鲢鱼。可气的是服务员一转头给另外一个服务员说她也不知道是什么就是瞎说。可见此店面的服务从业者并没有经受过专业训练。第三，我们两次在这边吃饭，都有两三个人回去胃疼闹肚子，应该不会是巧合。最后，水杯拉在了饭店，服务员既没有提醒也没有帮助客人收起来，哎，服务之差，排名第一！,0
没有开业的时候好了，菜品少，口味一般，烤肉不错，估计不会再愿意去了,1
菜实在难吃。不过服务还是挺好。,0
这家店的服务态度真心差！像欠了他家钱一样！就是开分店赚钱了也不能这样啊！从进门取号服务员就喊。点菜的一脸不耐烦…娜娜我吃了很多年了。这次去完今天够了,0
门口排队，看来不错，结果真的一吃，不咋样！太油了！！！,0
一般般啦，比想象中的要差一点点,0
刚开业的时候，跟同学们相约一起去吃吃喝喝，结果那天到达的时候，在他家的门口已经排满了许许多多的吃货们，啊还要拿号什么的，不知道还要等多少时间，商量后还是先撤啦，等大家有空了在来。后来派了小伙伴提前来占位置啦。环境不错，布局也挺好看的，有单独的房间。服务也挺好，不同的服务分工都很认真的。吃的事物也多种多样，有生食和熟食可与选择，价格差不多的把，想先可以再来的地方。,1
环境不错??东西好吃，聚会最佳选择,1
吃了三次了，每次点的都不同，也想把推荐菜都尝尝，还好，挺好吃的,1
菜品不错，没有网，付款都不好付，团购链接不上，挺郁闷的，等的时间超长，有点不开心,0
无感?每次看排队人都好多?看来大伙都很喜欢?我只觉得大拉皮的麻酱?甜甜的,0
过生日带老妈来网红店拔草?首先最重要的?菜的口味真的不错?梨汤必点?不愧是招牌?一壶看着不大?真是喝不完的喝?虾酸甜口?老妈说应该加了蜂蜜不是死甜?干酪鱼颜值真心高?其实就是蜂蜜布丁?味道不错?小点点了芸豆卷?不是很甜?豆味很浓?很细腻?这个要见仁见智了?我和老妈很喜欢?猪肝有点咸了?不过很嫩?不算点错?不过下次不会点了?环境服务其实还好?就是人太多了?很嘈杂?有点热?服务员说什么完全听不清?下次点梨汤和小点外带估计是个不错的想法,1
总体上味道没有传说中的好。之前总听是鞍山西道的店面不好找而且排队很长时间就一直没去，才发现原来大悦城也有。三文鱼做的不太好，彩虹沙拉和意面还不错。等于没有任何优惠，才发现，赠的100减10的券，还限定在16点前，与其这样还不如不赠。店方要求的事还多，喝了一半的饮料还要收走，没特别情况以后不会去了！,0
只能现金，不支持支付宝，不支持刷卡，只能现金，提前也没有告诉我们，出门去取还要很远，你能跟得上社会发展吗？连支付方式都这么落后，都可笑了！,0
推荐指数??无星（不推荐）身为一个南方姑娘，如果你是南方口味，或者喜欢清淡菜系，这家餐厅真的不是一个合适的选择，这家餐厅的咸度真的让我本人相对难以接受。辣炒蛏子，蛏子不新鲜，所以用大量的调味料去掩盖腥味，但是口感上的新鲜度差异还是很大。其他的肉菜也好素菜也罢，基本以重口味为主，所以，应该再也不会进去了。。,0
对于一个正牌吃货来说，真的不是一个很好的餐厅选择。锅包肉实在太可怕了，砸了东北菜的招牌。老板热情，但是厨子差劲。东北菜餐厅就是看这道名菜味道如何了，总之和朋友下次不会再光顾了。手撕饼也是重口味，油酥太多恶心了，菜价在新式餐厅来说还算可以，但是吃货对环境要求一般，尝口味最重要。,0
人比较多，各类烤肉不少，不过，当天因为状态不好，吃的不是很多。,1
点菜太麻烦，网慢点就得点20分钟，没嘛劲,0
说些真实感受吧。我带媳妇去的，晚餐。看到他家门口有排队，就等了。结果是3个菜，还有1个上错了。我们吃了几口被告知，菜错了。看着服务员把菜端给了邻桌。汗。。。。薰排骨是烧鸡味。金牌茄子是马沙味。还有个素小炒，整个把卖盐的打死了。服务态度就更甭提了。巨差。我们说了2句，服务员就和我们大吐苦水。全都是东北大茬子的口音。看着就野气，破地方，没第二回。。。。。,0
这次点的菜味道一般，海鲜焗饭海鲜都在外面吃起来很干一点海鲜味都没有，柠檬鸡也一般,1
。。。五星怎么来的？菜都上了不管上餐具？微信点菜好歹优化一下吧图片那么小？一开始来了一个挺壮的男的?问能不能点评支付也吞吞吐吐?到后来有个服务员态度还算可以?其实也就省了三块钱?至于吗。。找不到再来的理由啊,0
环境有点吵，菜品一般般吧………,1
环境不错，肉种类也挺丰富，感觉自助的东西略少，东西不够拿还得等半天，上的烤肉等待时间略长，80分吧,1
很满意的一次团购，价格合适，味道也不错,1
去大悦城五楼吃的、菜品真的一般般，价格也不低，说西餐吧也不太像。总之不推荐了,0
口味不错，孩子喜欢，排座需耐心！,1
确实不错，东西实惠，团购价格合适，好评！,1
这家店开业的时候人就很多排队，其实不明白为什么那么多人。工厂风格，中午去吃的，没有正餐，只有小吃甜品类，不过不用排队也不饿总要试试的，我想说东西较贵，不过做出来还满好看的，可是点餐真是无语了，一个戴眼镜的小哥说让我们自己在淘点点点餐，真的超级难用知道吗？图片要一个个点出来看，试想要是餐品超多，点餐得有多久，我们本来是手机玩的挺溜的，点菜还用了20分钟，期间听见旁边桌也说点餐费劲，真的不能只为了减少人力成本，把费劲的事情推给顾客，要是顾客没有智能手机怎么办？这小哥说了，谁还没有啊，这孩子真是培训不到位。,0
好像从北李入驻津门这三年，这家算***常吃的最多的了，都要吃出感情来了……………………妈妈也很爱吃，还是再给个全五分赞吧！每次必点的金牌烤蛏，铁板牛肉都是老公最爱，我最爱他家的鲜榨,1
还是不错的，在南方待久了，特别想念北方菜，觉得什么都好吃。,1
不是周末的中午去的?仍需要等位。最爱娜娜家的饮品和甜品，可现在华夫的味道真不如之前了，饮品价格也是略高。面的味道还是点赞的。,1
很一般，烤肉里面比较贵的了而且除了烤肉以外东西真的很少,0
菜实在一般，不知道为啥真么多人都去吃！和预想的差距太多，实在不好吃！????,0
菜品味道不错，价格合理，朋友们聚会很开心，就是人太多，排队太久，服务员有点忙不过来。,1
各个店的菜口味还真不一样，还是觉得爱琴海的菜做出来口感更好些，那个招牌蛏子从颜值上做的就不够，口感也没爱琴海的浓郁，烤鱼肉也没有爱琴海做出来的松软鲜嫩，以后我还是会选择爱琴海。第一张是恒隆的，第二张是爱琴海的，很直观的感觉偷工减料……,1
太次了，真没吃过这么难吃的，环境还不错，但是饭菜真的太一般了，不建议去，还特别贵,0
娜娜家一如既往火爆，周四下班过来吃，到的时候已经快七点，还是需要等座，等了6、7桌到了我们，赶上的矮桌，虽然环境餐椅都很有风格，但是桌子太矮，腿呆的不是很舒服，甜虾沙拉味道不错，沙拉酱配的很好，柠檬鸡的柠檬稍有些苦，鸡的味道稍淡，烟花妓女面还是很好吃，胡椒味挺重，奶酪罐子很甜。,1
有点失望，慕名而来的，也许对天津菜期望过高，口味有自己的特点，但是，也没跳出那个圈子，绿色蔬菜全部没有，当天老板只采购了空心菜，没想到空心菜竟然是最好吃的一道。。。关于服务，小哥挺好的，就是在我们后面来那两桌的菜品饮品全上齐了，至少比我们晚来10分钟的人家都已经结束喝酒，开始吃饭了，而我们面前仍然只有一道剔牙鸡。。。不知道他是怎么安排协调的，也是无语，可能我看起来太善良了，哈哈哈总之，这顿饭吃得不怎么样，带了朋友去庆生的，结果，有点尴尬了。。。,0
服务很好，环境很好，可是我点的招牌都有点小失望，小煎猪肝端上来黑乎乎的，超级咸，绝对得多喝几口梨汤，梨球果虾仁很有创新，但是稍显油腻，总体来讲，没有想象的那么惊艳，不过环境和氛围绝对很赞，有老味道的感觉，素烧鹅不错。,0
“谢谢您一直喜欢我”就冲着这句话来的?没想到第一次来就在菜里吃出头发?不过服务态度还不错?总结：失望大于期望,0
都挺好，就是我家小孩刚到1米就收了25，这个挺让我有点不理解，小孩能吃什么啊，那天我们就吃了点水果和棉花糖，剩余时间就是玩了,1
第一次听说娜娜家还是在朋友圈，密友去了大悦城骑鹅公社，说是里面的娜娜家做菜很用心。但是下午4点之前是没有主食的，所以，推荐我晚上去吃晚餐。于是晚上6点钟，就到娜娜家的门口了，排号排到了139号，可是叫号才叫到了80号。正在小绝望，竟然遇见了好心的一家三口，他们有一张多余的号码-98号！于是等了15分钟左右，我们就终于进入了娜娜家。这个店铺非常的有特点，感觉像是进入到了另外一个地点，桌子，吊灯还有墙壁上的黑板画，非常有欧洲小资的感觉。点了妓女意大利面，口感辣而且甜，比较好吃。还有那个罗勒牛排饭，也是辣辣的，非常丰富的口感。只是想要特别说一下三文鱼牛油果沙拉，这个沙拉本身的味道没有问题，有问题的是它的盘子。不知道为什么，吃了几口沙拉之后，沙拉就变得很多汁水，可是娜娜家的桌子是有很多缝隙的，沙拉酱或是菜汤可以顺着桌子的缝隙流到裤子上。这点，希望娜娜家可以把这种多汁的菜品，换成大的盘子或是有深度的盘子，这样就会好很多了。,1
米饭上来都是凉的……味道也一般…服务不怎么样?不会再来吧…,0
没吃上，人太多了，估计想吃晚饭需要中午去排队。,0
去过几次，感觉还不错，但是这次添了一个新菜，高蛋白高热量高脂肪。。。。仔细看。。。。桃上面那个动感潮虫,0
终于和小伙伴一起吃上了火爆的小吊梨汤，拿了号就去买东西，所以感觉还好，排队的时候有虾片，柠檬水还有个抹酱的鸡蛋??进到店里真是人声鼎沸啊，可以说非常热闹了，点了一壶招牌的小吊梨汤，非常粘稠，甜度也刚好；素烧鹅，味道就是没有油炸的卷圈儿啊，沾上酱汁以味道还可以啊；酱鸭，味道真的超级好，就是肉少了点儿；红参肥牛，红参难道就是胡萝卜？味道还是非常好的，牛肉也好多；香橙烤鱼，味道很赞，味道甜辣，就是鱼有刺，吃的时候小心一些；梨球果仁虾，这个大家都推荐的菜，我却觉得一般般，因为实在是太甜蜜了，梨球裹面过油炸，虾球也过油炸，然后都挂了糖，可能是最后上的菜，这么甜腻也就吃不下了；干酪鱼，好吃好吃，浓浓的奶酪味，还凉凉的；小豆凉糕，凉凉的，红小豆的味道，可以解腻；豌豆黄，个人觉得豆腥味重了些。点完菜的时候服务员还特意提醒我们点的没有素菜且略显油腻，问我们要不要换个素菜，然后我们很坚定的，不换！总体来说不错，性价比也很高。,1
我估计推荐的人多数爱吃油盐重的吧。口味淡的我着实受不了它的咸和腻啊，除了免费的酸奶和一个意外点的非推荐的豆腐还可以外，老北京里脊肉是要齁儿死谁啊，面筋也很油腻。哎，不说了，服务人员态度很一般，你对他好言好语他倒爱答不理，反倒不停招呼隔壁桌语气不好的客人。口味淡的亲严重不推荐。,0
环境挺好，食物味道也可以，价位偏高，每次还排长队。性价比其实一般，只不过现在的人都喜欢这种***的感觉。环境好的味道也还可以的，自然就人多,1
菜品不错，上次点了熏排骨带苦味~这次没有,1
人太多了……也不是特别好吃……三个人花了167,0
就是上菜太慢！太慢！半个小时一个菜，口味不错，就是慢！,0
从梅江跑过来吃这个，到这不拿号了，才五点，我发誓我再也不吃娜娜家了，哪家也不去了，这就叫店大欺客,0
只能说东西还不错???不过一点???烤的比比尔腻多了???烤牛排差点???总之太腻了???如果说??吃比尔量是100??这家吃到60就腻的不行了???味道??各有特点??都行??哦??蛋糕不错哦???其他的熟食没怎么吃,0
不错，开业嘛样还那样，现在很开业没两样，就是价格贵了,1
长草很久了，确实很美味，值得去,1
酸菜鱼的汤好香?海参米饭那个跟菜单不符?图上是有黑米的米饭?实物就是白米饭?问服务员?服务员态度就是?我们现在就是这样的?你爱要不要?要不是麻麻想吃绝对要退了?菜不错冲服务员应该不会再去了,0
味道很好……就是饮料机那天坏了,1
上菜速度人，跟刚开业那会差远了，没吃饱，就是等饱了，肉总不上，就吃乱七八糟的，就饱了，失望,0
保证下次不会再来了，说说问题吧。先说排队人太多，饭店火可以理解，前面有11桌居然等了一小时，没有给客户准备茶水和零食而且告诉过号需要重排，难道真让消费者们傻等啊！终于排到了，点菜说是微信点菜，倒是环保，问题是才12:30就60％菜品售罄，餐饮的居然也搞销量销售，几个意思啊！点完菜告诉要先付账，好吧，忍了，说是支付可以用大众点评，刷了三次都显示网络问题，有本事把你那的信号能好点嘛！说刷卡吧，居然告知刷卡机器坏了，为了省那点刷卡手续费净编些恶俗的理由，好意思吗？最后说菜品，味道还不错，不能冤枉了店家。不过这服务水平真的是恶心到极点，还是不要再见了。,0
在南开大悦城北区5层骑鹅公社里走走转转，走到一个角落尽头里看见娜娜家了，正好快到饭点儿就在他家吃了。他家非常火，没到饭点儿需要排队等位了。环境很小资，复古工业风格，有格调有特色，在里面就餐感觉很舒服很放松～味道好，美食颜值也很高??ipad点餐非常方便??点了西班牙海鲜焗饭，金枪鱼鸡肉土豆沙拉，双倍奶酪鸡肉焗饭，焦糖脆皮照烧柠檬鸡，饮品忘拍了??服务也很好！来他家吃下午茶也是不错的选择??很棒的餐厅??值得推荐?,1
听说很火爆。。。。来了才知道。。。奶香手抓饼挺香，就是太油腻！那个锅包肉也太甜了吧，吃一片就够了！铁板茄夹也是甜的，而且很腥，很难吃！唯一咸味的婆家豆腐在这一堆又油又甜的菜里都能说好吃了。。。。服务员业务太不熟了吧！问wifi密码也不知道！端个菜又把水洒人身上。。。心情都不好了！！再也不来了！,0
随便吃吃去的，赶上今天不用等位。总共点了三个菜，一个主食。剔牙鸡上来之后没吃两口?就发现有头发，重新换了一盘。主食上来后又发现有头发。真是无法忍受，不好意思，我只能爆照了！这家店以后不会再来了！！！,0
不错不错，环境特好，排队时间不是特别长，,1
味道很一般，就是排队人很多，环境比较吵闹,1
周末人太多了，吃个饭真是不容易，两点半才吃完，味道确实不错，每一道菜都很棒！,1
难吃，太难吃了，排骨嚼不动，不会再去了，其他的菜也很难吃，纳闷怎么会这么多人,0
带爸妈过来吃，提前定的号，到了已经过号了，延后三桌给安排的，还是挺好的。期待的锅包肉感觉一般，有点硬里边肉也很薄。大拉皮量大味道也还不错。,1
头一次遇到这样的店、我们第一个去的店里都没有人、到后来所有人都上菜了我们的还没有来、服务员连道歉都没有、烤蛏子也不新鲜、有点臭、以后再也不来了！,0
好是挺好就是人多。排队。排队。排队。,1
菜品口味只能说中规中矩，没有让人惊艳的地方，最想吐槽的是环境，不是装修有点个性就叫环境好，就餐区域乱的都快赶上马路杀了，还有就是不知道为什么一份华夫饼下单了将近一个小时才上来，总的来说就是感觉不值那个价,0
第一次来娜娜家，17点到的就已经是85号了...等了半个多小时，进去了。店内是暗暗暖光的基调，有沙发有吧台，更像咖啡厅的感觉。ipad点餐，点了大众点评上的推荐菜，#奶酪罐子#?#彩虹沙拉#?#芝士焗土豆泥#?#双倍奶酪鸡肉焗饭#?和新品牛肉什么意面。奶酪罐子味道很浓郁，但是吃多了会腻到彩虹沙拉挺好吃，最爱里面的牛油果~#芝士焗土豆泥#?里面加了柠檬汁吧，味道不错~这个全部吃光了！#双倍奶酪鸡肉焗饭#?口味有点淡，无功无过牛肉意面也有点淡，是我口味太重吗……-?-?很想吃华夫饼~下次去试试~~用大众点评结账优惠了6元。,1
不好吃的肉不太好，。吃一点就特堵，,0
下午四点半左右去的。点了熏排骨上的是最快的一道菜。但是熏排骨的肉太厚了。一点也没入味。点了一道宫保鸡丁。大概鸡是现宰的。居然活活等了二十多分钟。,0
真的好难吃！！！！！！！！！！！环境也太嘈杂了！！！！！！,0
和我的小闺蜜一起去的，在门口等了许久位子，好在餐厅的环境和菜品的味道没有让我们失望，赞一下吧！,1
等的脖子都长了终于开业了。大悦城南区，上扶梯就是。排了一个多小时才吃上，要不要这么火啊。店面不大，价格真是亲民啊，不过量不是很大。能选的招牌菜基本都选了。梨汤加上蜂蜜真的是不错，宝宝很喜欢。招牌的几个菜都还算是不错的。,1
总是很火爆人很多。三杯鸡和熏肉不错，还有很多菜的口味很好。但是锅包肉不好吃，真的不正宗。,1
口味不错，偏油，喜欢大拉皮和熏排骨,1
难吃死了，不太喜欢。排队的人还那么多。难吃，不喜欢,0
口味很好，但是必须现金，差点没带够钱，哈哈,1
好不容易有时间跟朋友去吃，人很多，环境不错，可惜干酪鱼没有了,1
4点半进去没等座。大拉皮好实惠。麻酱别都放否则太甜。薰骨肉香味浓。家常茄子精工细做，很好。还有肉饼和奶香饼不错。烤鲈鱼太甜了。4人365元还可以，会再去，环境非常好！,1
环境很好，菜品都是比较传统的天津菜吧，还算不错。,1
口味一般，推荐菜不让点，菜上来还是凉的，奶茶超级难喝，就是袋装的沏的。不过服务态度还不错，赠送了酸奶,0
太腻了?主要服务太差了?有个个子矮矮的戴眼镜的女服务员特别没素质??再也不会来了,0
菜品口味还行，上菜太慢，一杯鲜榨果汁居然四十分钟才上。薯条非常好吃，是我吃过最好吃的,1
铁板蛏子都是沙子，酱爆海兔超咸，海参捞饭里的海参硬硬的。评论都是骗人的……,0
重盐?油大?号称东北菜?东北菜什么时候这么油了？唯一的一个素菜?那个油啊?唉茄盒创意尚可?但那个油活生生让我没了食欲,0
有点流于表面?菜相当一般?甚至有点难吃?别的都OK?但是饭馆最重要的还是菜啊?很坑,0
"太差了,见过次的没见过这么次的。首先说稍显不次的，平心而论他的口味实在是太对不起它的价格了价格，馋鱼蜜虾58元一份，我在北京高能所吃到过类似的量是他们家两倍，上菜比他们家快快两倍，虾肉还算新鲜，一锅把一层的量都出来了，每份下来那不是一般的少。七号馆应该卖的是菜品，其次是服务与环境吧，但没有一项是合格的，旁边那桌要了两碗米饭，后来一直等不来就说一碗吧，催了不下三次，最后服务员告知说米饭锅坏了，但是我下楼结帐的时候发现楼下桌的上面赫然摆放着白花花的米饭，不到十一点半到的，早早的点好了三道菜，一个半小时就做了两个，都是一出整个一层的桌单都满足的他们所谓招牌，馋鱼蜜虾刚才说过，在此不在缀评，再说说他们家所谓的另一招牌大咖花椰菜，马上麻是够麻辣也还算辣，但菜抄的太太太过了，软趴趴全无营养和脆感，比其他诸如鑫江南的津味菜馆差了不是一点点，在此奉劝七号馆的年轻老板少搞的点虚的，踏踏实实做点事情吧，既然没有接待能力，菜做的也差何必糟蹋钱呢，耽误食客的心情何必呢",0
菜品一般，不是一般的慢，人多，最主要不能快捷支付，没团购，没PoS还需毎人支付20押金,0
环境不好?太乱了?东西又贵又不好吃,0
菜品不错?但是服务不是太好?不是一次很愉快的经历?以后不会再去了,0
一个多月前在五店点了45元一盘的北海道温泉意大利海鲜面只有三个无头的小虾，全是面条!偷.工减料!风荷园店料足价格便宜。五店小厨师服务态度极差!以后还是去风荷园吧!这里太暴利了!,0
量比较大，味道给力，价格也可以，3个人吃了150块，大厅不能预定比较郁闷，只能来个15块钱的哈根达斯补偿下了。,1
菜品没的说…一如既往地好吃…就是上菜太慢了…而且上菜顺序也有问题…汤，沙拉都没上…主菜先上来了…得吃个十分钟才能上沙拉…东西好吃…环境不错…就是上菜顺序和整个过程让人有些尴尬…,1
非常棒的自助餐厅！来了n次了！味道不错！服务热情！品种很多！希望越办越好！,1
说实话非常一般！去时已经不接待中午用餐了！一看直接点的下午茶！点的彩虹的蛋糕！和抹茶的！非常不好吃！还外带一个榴莲蛋糕！长草了很久！但是去了真的好失望！大悦城装修的不错！但是特别乱！说话声音好大！好吵！总之失望极了,0
之前刚开业时去，感觉还不错，这次再去，太让人失望了，保证最后一次，上菜很慢，还不好嚼，吃完了转天还拉肚子了！,0
78一份的水煮鱼就给半条，剩下的都是油，腻死了，味道不怎么样，很恶心，服务不好，招牌菜没有，而且没有活动优惠什么的，再也不会来了，真的不好吃，不值。,0
环境有点嘈杂?熏排骨很好吃?雅间实在是太热了,1
肉龙一份量很大?比北京店大很多?茄子很好吃?推荐,1
感觉没有一店的味道好了?整体偏油腻了,1
点了六个菜，其中两个甜品，上了50分钟。其次，味道差菜量小价。不会再来第二次,0
两人花不到300????太难吃了???除了奶昔还可以???别的都不爱吃???好腻???可能个人喜欢不一样吧,0
东西没有开业全，味道还可以，人不是很多，价格偏高，不实惠！,1
口味可以，价格性价比高，平时去比较好，因为周末排队要等太久,1
奶酪罐子和沙拉还行，意面没什么特点不值，玉米芝士铁板鸡，那鸡肉一股骚臭味，简直难以下咽，把服务员叫来问怎么回事，他居然说就是这个味道，很正常啊，不给退，简直了！最后我们把那菜就扔那了，都没吃！做生意有这么不诚信的嘛，不知道怎么会有这么多人天天排队，前面几十桌也等。,0
服务员的态度很差，而且团购不让使用。,0
挺好吃的?大家吃的都很开心?烤肉很棒?都是一个个小哥拿着羊腿什么的现铉?东西种类很多?蛋挞挺好吃的?最后吃的太撑困的竟然在出租车上做起梦来了,1
给一星吧，因为我点完菜40分钟没上，期间催了2次菜。第三次催菜的时候服务员告诉我这桌的菜根本没点，呵呵，最后等不了了走了。第一次吃饭遇到这种事。,0
店员服务水准有待提高?沟通不清楚?有顾客想跟我们换座?我们都收拾了东西?结果人家又变卦了,1
这次等了好～～～～～久，期间还有因为过号延迟等了好久没吃上打架的拿到号的时候叫60多号，我们是127，反正朋友也没来我就一起等，好像从120以后就都走了，很快蹦到我了等到我点完菜，上好菜，还差一个锅包肉的时候，朋友们来了，风卷残云之后发现连一半都没吃完………跟上次点的差不多，锅包肉啊，拉皮啊，奶香手撕饼啊，熏排骨啊，小土豆啊，茄夹啊……到最后只有拉皮吃光了……3个人点了5个菜一个主食?一个听装饮料?打包花了212，眼大肚子小纯粹过嘴瘾,1
很好啊，?环境不错，就是人多爆满，需要等待时间太久了，上的东西也慢，有待提高,1
喜欢，特别好，环境好，吃的品种多,1
好干净的就餐环境，吃的也很好，各种肉肉不断上还有各种小食，好棒,1
还有很多图没拼！可见吃了多少次北李妈妈菜了！大家都爱吃！尤其男友是北李妈妈的忠粉！最经典每次必点熏排骨，特别香！金牌考蛏也最经典！最近特别爱吃大拉皮，量大爽口！奶香手撕饼也是每次必点的！环境很好服务员也很周到?好吃不贵！关键是哈根达斯15元一个球！每次必吃！尤其喜欢抹茶哟！,1
口味一般，点评上看着挺好的，各种好评，实际味道一般，餐厅还是口味为重,0
在大悦城的店，环境不错，有单间的大桌。菜量比较小，味道不错。略偏甜，孩子很爱吃,1
之前看见不少人发说特别多。去了才知道有多壮观。排了个号去楼上看电影下来还有几十号才到。进去之后被安排在了一个角落。两人桌特别小。切羊腿的师傅给了一大盘子羊腿太大方啦好评。但是总体味道觉得不值那么多人排队。跟以前的金汉斯差不多,1
真心不错、比别的烤肉店好吃，甜品点心是100元以下自助中最好吃的,1
各种食物都有点腻，但味道还不错,1
人很多，东西很全，但是这次来没有前两次好吃,1
团购很合适。自助的味道很好。服务也热情。才品种多。带着孩子去的，没到一米一不要钱。临走还赠送了礼物。下次还回去的。,1
一进门感觉店很小，其实还有二层和三层，环境还行，但上菜实在是太慢太慢了，半天就上一个菜，等都等饱了，口味偏咸，以后不会再来，也不会向朋友推荐。,0
不管菜品怎样！不论环境怎样！这服务太要命了，收桌慢，叫号也慢！弄个那么大的桌子，坐俩人然后问要不要拼桌，这安排我也是服了！,0
之前点评过一次，但忍不住还想点评。这个地感觉被牛奶包围了！什么都是牛奶的，点了杯热巧克力，一大口下去，差点撅回家，明明是杯纯牛奶啊！后来要了杯白水，感觉杯子也有牛奶味……沙拉开始吃还行，后来越吃越腻，意大利面还凑合吧，鸡翅柠檬鸡一般，布朗尼还可以，牛奶罐子朋友说也够浓的。这顿饭吃了没多久就觉得好腻，好想吐……喝杯饮料，吃个甜品还可以，吃饭就算了……而且也不便宜。,0
大悦城家第一次去?奶罐子比较好吃,1
排队等了2个小时?上菜更慢?然后一共不到15个菜?大多数都是凉菜?米饭也不上?从17点等到20点?一直没吃上?真不知道那些特色什么味道?也不让点?PS:招牌那个虾真的不值58?整个一个破沙拉,0
看朋友圈别人去的说的挺好，一去相当失望！,0
隔段时间就要去一次。超爱猪脚和开心果华芙的呢,1
价格高了，也没有团购了，刚开业的时候来过，种类没有现在全，新增加了蟹腿和生蚝，蟹腿冷冻的，生蚝每人每次只能拿两只，其他菜品感觉一般，烤肉类味道都挺不错的，推荐鸡翅，其他肉类刷的糖有点多，建议不放糖，而且有的肉嚼不烂，还有肥的，饮料区的茶叶碎的太多了，不如刚开业时候好，建议改进，水果区种类也太少，建议增加，大多数的菜品都是辣的，只有土豆泥和玉米粒不辣，最近喝中药需要忌口，来这只能吃这两样和各种甜品蛋糕，感觉太亏了啊！建议多增加不辣的热菜类,1
菜品一般，外边人挺多，里面空位其实不少，不知道是订桌还是就为了要那个等的氛围，服务极其次！可能因为顾客太多，心情不美丽吧！,0
有一次去吃自助，这次绝对没有浪费一点点，，因为去的比较晚所以东西不是特别特别多了，不过有个烤生蚝是之前没吃过的，还算可以吧，，最让我觉得不错的是，贝类，天津人俗称的马葛竟然一点沙子都没有，一点不牙碜配的酱料也不错。这次没吃到棉花糖，好遗憾啊。。,1
慕名前来！1、看到点评分数很高2、首页图不错被欺骗了！环境真心满差的洗手间到还有点特色，就是太脏了彩色真心一般羊肉抄囔（囔好吃，肉真心味道比较大不灵光）虾仁火龙果（火龙果是红色的还比较下成本，色拉虾仁软软的一点也不脆）鱼香肉丝味道还算还可以的有点本帮菜的味道没什么特别辣椒抄花菜太咸了花菜太少了不灵光虾仁肉糜炖蛋不灵等的时间很长很长，味道超咸！难吃！真不知道点评里为什么这么多还好的点5颗星！真不明白这么难吃排队还可以排这么长！小伙伴你们自己去体验吧！,0
周三上午十一点就去了，基本没什么人，环境很好，很干净，服务也不错～两个人点了两个甜品，吃多了有点儿腻∠(???」∠)＿奶酪罐子和巧克力千层，都还不错哒！还有奶油蘑菇汤，蘑菇味很浓，很惊喜！咖喱牛肉焗饭和双倍奶酪鸡肉焗饭也都不错。尤其是三文鱼牛油果沙拉，虽然小贵，但物有所值，三文鱼虾都给的挺多，不过牛油果不太熟，硬硬的，整体味道不错～整体挺满意的，不过还是要说，美食还是得我大中餐！西餐吃的总是没有蔬菜太腻了,1
菜的味道还是不错的，就是空调不给力，太热了。,1
服务员太死性，服务很差，不能刷卡！,0
啥完事儿啊，梨汤特笼乎，跟浆子兑水似的,0
榴莲千层好吃好吃，有真正的榴莲肉啊～巧克力千层，口感浓郁充实～大悦城服务员态度不好,1
排队人挺多，但是菜不是很好吃，感觉不是很值得,0
幸亏没怎么排队，不然要后悔死，价格高，只有甜点味道不错，不然真的只想给1星……招牌小吊梨汤……跟加了淀粉一样，不喜欢。热菜除了烤鸭看上去不错，其他没有一个想点，最后纠结半天要了豆腐，蘑菇小牛肉，素烧鸡，豆腐外皮很绵，咬不烂，蘑菇牛肉中的，蘑菇味道比牛肉好，素烧鸡也不咋样，甜点不错，小豆凉糕，豌豆黄，干酪鱼，给干酪鱼点赞，味道有点像双皮奶服务员好像业务不熟练，会上错菜，但是态度不错，会帮忙催菜，不过，吃完饭撤桌好快，……有点让人尴尬。,0
量大，上菜慢，家常菜！！！！！！,0
种类丰富，生蚝太抢手，上的慢，一直没有吃到。烤肉觉得一般，上得慢，不太烂。小吃类种类丰富。总体感觉还可以,1
味道一般，蛏子炒的口味稍甜，其他的还可以吧。,1
那天在天意小馆没吃饱，觉得太坑就直接转战北李妈妈菜了，这家的菜量还有味道都很好，怪不得每天都好多人排队。点的这几道菜味道都不错，特别推荐大拉皮~麻将很浓很好吃,1
服务怎么这个样子呢！都不能换地方，明明有很多空桌，还等了特别久，结果地方特别热，还不让换地方，差评差评差评，太次了,0
大众点评上评价很高啊去?还专门冲评价高去吃的?结果踩雷了还好菜点的不多?点了招牌的花椰菜?麻味太大??剃牙鸡上全是孜然粉?那个什么虾肉质还可以?就是上面全是沙拉酱。?总之菜的味道太奇葩了?四个人吃了以后都觉得恶心...?难道天津菜都是这样的么……,0
朋友提前来排队，等了一个多小时才吃上，真是失望大过期望，真心不怎么样，土豆丝那个味道太怪了，还有牛肉炖饭那个没什么味道，梨汤也是枣的味道略大，上菜也够了慢了！中途上菜催了好几次，不过一个服务员态度确实不错，叫什么文军，给催了好几次。完全没有性价比的店，不想再来了。,0
第一次在天津吃这家店，想着锅包肉是东北菜特色就点了，服务员说会慢一点，但我们可以等，可是上了几道菜后告诉我们锅包肉没有了不能做了！但当我们快吃完时，就看到有几个桌子上都是新上没吃几块的锅包肉。。。哎～没办法了！其他的菜味道还是可以的，价格也可以接受，不贵！,1
总体来说还可以吧，排队等位的人很多。份量十足。味道中等偏上。,1
大悦城这家分店人太多了…建议还是去其他店吧，彩虹沙拉真的超级超级好吃！饮品一般，味道有点怪但是环境很好，服务也还不错吧～这次吃得太着急了下次再好好大吃一顿！,1
环境挺好，服务态度不怎么样，点了5个菜，3个不好吃，两个还可以,0
门口的服务员太差了！门口的服务员态度相当差！顾客吃饭是付钱的不是让你们数落的！太差！太差！太差！,0
没有风荷园那几家老店好吃?东西都不一样啊?就比如在风荷园的店鸡肉焗饭里会有蘑菇等配菜?大悦城这家里面只有鸡肉?牛肉焗饭里基本都是土豆红萝卜没几块牛肉?味道不如那几家店好吃?在大悦城这家喝个下午茶还行?吃饭呵呵算了吧,1
不让带饮料?喝的???啤酒还就3种?一点不好喝，服务态度较差，点餐不方便，贵,0
口味与评价不符，都是游客的店，第一次吃到?千页豆腐?做的八珍豆腐?也是长见识了。,0
看点评特意过去的，布置挺好看的，菜品味道一般，酸奶好喝,0
没有传说中的好?菜量比较大?价格始终,1
拿号儿时选的7—8人桌，等了1个多小时才叫号儿，结果给我们2个临近的4人桌，还声称为我们能尽快用餐！,0
小吃口感真不错，自助里的精英，会常去！,1
周末和好久不见的同学约在这里?早早拿手机预约排了号???等了很久???人很多啊???菜品还好吧??性价比一般??海蜇拌苦苣不错??醋应该很好??提味解腻??忘了照??。手抓饼奶香味不错??。?招牌香薰排骨?让我吃出了烧鸡的味道^_^??。?西红柿炖牛腩?量不小??偏甜?。?腰果西芹百合??比较清口。黑蒜子牛肉粒?味道也不错。,1
店家给人加塞被抓个现行还强词夺理，说什么是之间大桌的人没来齐刚到，那怎么之前告诉我们必须人齐了才能一起进，否则过号重拍。还有他们拿着和我们一样的号是几个意思？两个Y006，怎么打出来的？还说机打的不会重号，是看错了，我当时看见后可是问前台是不是到Y006了，前台说是，我指着那男的手里的号说这号是我们的，前台问那你们的号呢，等我们把号拿过来你们又不承认了，各种狡辩。绝对的差评！服务太差！没诚信！,0
口味真的也就一般，那个什么芝士焗饭简直太腻了，又很贵，哄女友***的好去处吧！,0
来了很多次了，人依旧那么多，味道还是不错的，孩子喜欢冰激凌和棉花糖,1
很好吃，味道不错，人太多?等了好久,1
周五晚上六点拿号，前面还有23桌～扫二维码关注排队近况，预计等候时间四十分钟～差不多七点进去吃的～奶酪罐子值得推荐，芝士巧克力条味道很棒～就是两个人吃到后面容易腻～新出的华夫饼，20一份，原来只有四分之一华夫这么大，不过三文鱼牛油果给的很足，就是沙拉酱给太多，太咸了！芝士鸡肉意大利面，点的时候问有没有忌口，我问这些没有辣的吧，服务员说没有，端上来发现，黑椒口味，而且里面有红椒，越吃越辣～芝士土豆泥，也是黑椒味道的，芝士很丰富～希望服务员对这些菜品有所了解，其实东西味道都还是不错的，少盐会更好～,1
味道不错，排队有点长，店员少了点，加点人要,1
菜量挺大，味道挺好，环境不错。,1
真心不好吃…大拉皮就四五根拉皮，剩下都是黄瓜丝…其他菜味道也就一般般，不要浪费时间排队了，吃别的吧,0
服务还是不错的，环境也算可以。就是太！太！太难吃了。我对口味没什么挑剔，几乎是什么都吃，这次几乎没动几口。长这么大了，这种情况真不多。巨难吃，不服的去吃试试。,0
从娜娜家在风荷园的第一家店就开始吃了，今天来大悦城娜娜家真心要吐槽一下，和闺蜜坐那聊天的不到一小时内被两次问要不要撤餐，虽然说得委婉但意思就是哄人走呗，难道先结账就要吃完抬屁股走人吗？你家在火爆也不能这样对待客人吧，真是想给差评，但胜在环境不错，服务态度也还好，希望以后能改进,0
真心一般??连卡都不能刷??就为了省几个钱?让顾客从四层下到一层取钱?大冬天的?我也是服了??做得里面的位子??搜抹布味儿?麻烦用点好的消毒水,0
挺好吃的，就是两个人去不给大桌，肉甜甜的~,1
都油腻腻的，吃不习惯，真心不理想,0
蛋糕很贵?每个东西都还OK?就是价格贵了点,1
烤肉好吃，锅包肉有点腻，大拉皮每次必点……,1
我是个标准吃货，但是北李妈妈的菜居然把我油住了，这是我所始料未及的，一盘下饭菜，居然半盘子油，我彻底无语了，至于油是什么油，服务员半死不活的说是大豆油，想点一份大拌菜去去油腻，告诉服务员只要醋，人家吭哧瘪肚了半天就是不愿意给你点，好像我们是在给他们找麻烦，至于菜量嘛，根本对不起东北菜这三个字，用盛放江浙菜的碗盘放东北菜，真想问问东北菜的好爽劲都去哪了？真不知道每次在外面排队等号的人都是咋想的，我不相信着这里还会有回头客，因为他家的服务基本上就是一个字，差,0
挺好的，人很多，每次去都排队。比平时的烤肉好吃很多，种类繁多，鸡米花蛋挞非常好,1
人超级多，东西有点跟不上了，味道还不错,1
喜欢这里的菜品，环境也还行。之前去的乐宾那个店，感觉一般，还被桌子划坏了鞋。这次来的大悦城店，位置稍偏了点。菜品还是一如既往的好，喜欢他家的彩虹沙拉，烟花妓女意大利面，就是饮品稍贵。其它价位虽稍贵还能接受。,1
很久之前在风荷园吃过，觉得很好吃～大悦城开了店就想来拔草，结果很失败。下了班过来7点拿了号，逛了一圈比较饿买了芋贵人边吃边等。8点可以进去了，芋贵人还没吃完?服务员很有气势的跟我们说不能外带饮品和食品，要给我们拿走保存！芋贵人里面的冰融化了那还能吃么？点菜还要微信关注公众帐号，这是强制关注呀！点完餐就给上了个奶酪罐子，难道不先问问甜品先后上么？再说菜品，推荐的妓女烟花意面实在适应不了，甜辣酱还放了很多糖，糖不要钱么？柠檬和鸡第一口还不错，第二口就觉得满嘴的糖！奶酪罐子太甜了，吃不了很甜的亲慎点，唯一味道不错的就是芝士焗土豆泥！环境太嘈杂，说话完全靠吼！不会再去了，不明白为什么那么火,0
这地方竟然还这么多人来，还有排号的，只能说饭馆位置很重要吧，只要周围人够多就会有够多人。东西太一般了，而且上菜巨慢，理由竟然是人多，我去您这店才多大啊，都坐满才几桌啊。,0
面，饭一般，甜品和饮品非常好，菜量大，适合人多去。,1
不愧是天天排队的餐厅，口味很好吃。小吊梨汤太浓了，两个人喝有点撑。猪肝很好吃，一点都不腥，很嫩。梨球果仁虾比较有创意，但个人感觉有点甜。牛肉烩饭一般，有点菜汤泡饭的感觉。环境也不错，一直在放鼓曲音乐,1
消费额度人均70+，没有点汤，没有点饮料。点的一个小份骨，家常煎茄子，炒酸菜，一份奶香饼，2个人。菜品的口味太重，耳骨炒酸菜很干也是口味偏咸，一点汤汁也没有，酸菜向似炒胡了，纯东北菜叫是鸡菜粉，就是粉丝和酸菜、瘦肉丝一起炒，稍有汤汁，不是很干。,0
管理混乱！服务员态度差！坐了很长时间都没有服务员！,0
还可以??环境不错?楼梯??还不错?挺好的?很咸,0
在自助餐里算是一般的，好在价格便宜，种类多,1
70+一人?到了里面发现可吃的其实并不多。。,0
超级好吃算不上，但是餐具脏我是忘不了了，太恶心了！,0
还不错可以再去，希望过节有惊喜,1
菜品口味没变化，上菜速度有点慢，微信点餐很方便,1
领班态度极其恶劣，孕妇夏天怕热想换个凉快的电扇底下都不行，死心眼子。我是真服了，而且不会笑，一直板个脸，您冲谁呢?王领班我祝您一生平安，好人有好报，谢谢,0
小调梨汤很合适品尝一下！而且服务生服务特别好!菜品新鲜,1
很不错，服务好，环境好，东西也好吃。最重要的是很便宜，赞一个！,1
